filename,width,height,class,xmin,ymin,xmax,ymax
VID_20210512_171506_mp4-39_jpg.rf.03d5ff5509781a1bd7d0d2c3ed424387.jpg,640,640,horizontal-bar,13,229,578,246
VID_20210512_171506_mp4-39_jpg.rf.03d5ff5509781a1bd7d0d2c3ed424387.jpg,640,640,head,268,234,346,301
pullupvid_mp4-41_jpg.rf.05f7f857ce7fac09f7523883c54ae400.jpg,640,640,horizontal-bar,34,89,584,142
pullupvid_mp4-41_jpg.rf.05f7f857ce7fac09f7523883c54ae400.jpg,640,640,head,244,198,389,290
VID_20210512_171506_mp4-60_jpg.rf.1fa83d88ca8cc5cd20347f3b4bdb34c6.jpg,640,640,horizontal-bar,0,217,589,235
VID_20210512_171506_mp4-60_jpg.rf.1fa83d88ca8cc5cd20347f3b4bdb34c6.jpg,640,640,head,262,231,349,295
VID_20210512_171506_mp4-74_jpg.rf.19c6184c65109657cce45ccb70819698.jpg,640,640,horizontal-bar,32,205,623,222
VID_20210512_171506_mp4-74_jpg.rf.19c6184c65109657cce45ccb70819698.jpg,640,640,head,274,261,375,335
pullupvid_mp4-29_jpg.rf.1913569c891e5a8541e3f7dba060a979.jpg,640,640,head,248,215,395,298
pullupvid_mp4-29_jpg.rf.1913569c891e5a8541e3f7dba060a979.jpg,640,640,horizontal-bar,46,85,597,144
pullupvid_mp4-40_jpg.rf.0a0fceb2aacdc2177aa26e64a000d6ee.jpg,640,640,head,217,12,392,104
pullupvid_mp4-40_jpg.rf.0a0fceb2aacdc2177aa26e64a000d6ee.jpg,640,640,horizontal-bar,38,85,600,131
pullupvid_mp4-19_jpg.rf.15f1385ebe478b71ea14fcc2e3b20903.jpg,640,640,head,236,154,400,254
pullupvid_mp4-19_jpg.rf.15f1385ebe478b71ea14fcc2e3b20903.jpg,640,640,horizontal-bar,53,88,599,138
VID_20210512_171506_mp4-12_jpg.rf.1cc83f4a4f3abb1dcaa3149b2a060490.jpg,640,640,horizontal-bar,11,233,572,247
VID_20210512_171506_mp4-12_jpg.rf.1cc83f4a4f3abb1dcaa3149b2a060490.jpg,640,640,head,244,300,337,373
VID_20210512_171506_mp4-69_jpg.rf.20079aa94d804469052d1456841f09d9.jpg,640,640,horizontal-bar,12,213,610,232
VID_20210512_171506_mp4-69_jpg.rf.20079aa94d804469052d1456841f09d9.jpg,640,640,head,288,217,371,276
pullupvid_mp4-13_jpg.rf.1da62ba6771fc21fabd6279ea4e6501f.jpg,640,640,horizontal-bar,42,101,589,137
pullupvid_mp4-13_jpg.rf.1da62ba6771fc21fabd6279ea4e6501f.jpg,640,640,head,228,132,369,232
pullupvid_mp4-15_jpg.rf.05c074cbd11fa2e46171e020eed7bf61.jpg,640,640,horizontal-bar,51,95,589,132
pullupvid_mp4-15_jpg.rf.05c074cbd11fa2e46171e020eed7bf61.jpg,640,640,head,231,192,408,287
pullupvid_mp4-33_jpg.rf.11c057c8e3dc491ca87ba1508ad52208.jpg,640,640,horizontal-bar,43,92,600,136
pullupvid_mp4-33_jpg.rf.11c057c8e3dc491ca87ba1508ad52208.jpg,640,640,head,229,91,384,205
pullupvid2_mp4-17_jpg.rf.16093c037e592b6d56e8f909fa68838a.jpg,640,640,horizontal-bar,119,204,521,226
pullupvid2_mp4-17_jpg.rf.16093c037e592b6d56e8f909fa68838a.jpg,640,640,head,286,179,370,224
VID_20210512_171506_mp4-44_jpg.rf.0d0c0162f6553ce63bbcf149506f8029.jpg,640,640,horizontal-bar,15,225,596,241
VID_20210512_171506_mp4-44_jpg.rf.0d0c0162f6553ce63bbcf149506f8029.jpg,640,640,head,280,188,357,254
pullupvid_mp4-6_jpg.rf.0e15936964bbb998cd21214f4c55cfa5.jpg,640,640,horizontal-bar,49,103,594,133
pullupvid_mp4-6_jpg.rf.0e15936964bbb998cd21214f4c55cfa5.jpg,640,640,head,244,175,384,268
pullupvid2_mp4-8_jpg.rf.12a2a89fb59c05bcad40fcf909641dbf.jpg,640,640,horizontal-bar,117,202,516,230
pullupvid2_mp4-8_jpg.rf.12a2a89fb59c05bcad40fcf909641dbf.jpg,640,640,head,288,233,372,282
VID_20210512_171506_mp4-40_jpg.rf.08e2fce690a6d6a511dc0ce69e279240.jpg,640,640,horizontal-bar,18,228,580,244
VID_20210512_171506_mp4-40_jpg.rf.08e2fce690a6d6a511dc0ce69e279240.jpg,640,640,head,271,222,365,291
VID_20210512_171506_mp4-27_jpg.rf.0cf65171047583b1c24dd627218a35d0.jpg,640,640,horizontal-bar,13,235,572,246
VID_20210512_171506_mp4-27_jpg.rf.0cf65171047583b1c24dd627218a35d0.jpg,640,640,head,253,255,349,327
pullupvid2_mp4-24_jpg.rf.1794da707dde82f45b4b47e4b074f75e.jpg,640,640,horizontal-bar,122,202,516,228
pullupvid2_mp4-24_jpg.rf.1794da707dde82f45b4b47e4b074f75e.jpg,640,640,head,266,102,360,162
pullupvid2_mp4-21_jpg.rf.25962c28a93d76be342a9358269789af.jpg,640,640,head,287,249,376,299
pullupvid2_mp4-21_jpg.rf.25962c28a93d76be342a9358269789af.jpg,640,640,horizontal-bar,115,199,516,229
pullupvid2_mp4-15_jpg.rf.261ab21c8cfdb1af6e5065843b27eba4.jpg,640,640,horizontal-bar,111,202,516,228
pullupvid2_mp4-15_jpg.rf.261ab21c8cfdb1af6e5065843b27eba4.jpg,640,640,head,295,243,370,288
VID_20210512_171506_mp4-28_jpg.rf.21326cdb7d0e5b25e1acc7fccb344ac8.jpg,640,640,horizontal-bar,11,234,572,246
VID_20210512_171506_mp4-28_jpg.rf.21326cdb7d0e5b25e1acc7fccb344ac8.jpg,640,640,head,256,272,344,329
pullupvid_mp4-23_jpg.rf.240be94216a47fbdb40e7d35e8570bde.jpg,640,640,head,225,12,405,100
pullupvid_mp4-23_jpg.rf.240be94216a47fbdb40e7d35e8570bde.jpg,640,640,horizontal-bar,42,95,592,133
VID_20210512_171506_mp4-56_jpg.rf.33ba79184a28d15bb84e38927f06894c.jpg,640,640,horizontal-bar,12,221,588,239
VID_20210512_171506_mp4-56_jpg.rf.33ba79184a28d15bb84e38927f06894c.jpg,640,640,head,243,286,335,350
VID_20210512_171506_mp4-36_jpg.rf.346a5fdce1cd289cf20243783ceb358c.jpg,640,640,horizontal-bar,8,229,575,246
VID_20210512_171506_mp4-36_jpg.rf.346a5fdce1cd289cf20243783ceb358c.jpg,640,640,head,238,275,332,347
VID_20210512_171506_mp4-72_jpg.rf.39e817c252684c8389a2e11b4a8d7cbf.jpg,640,640,horizontal-bar,22,208,613,227
VID_20210512_171506_mp4-72_jpg.rf.39e817c252684c8389a2e11b4a8d7cbf.jpg,640,640,head,281,256,371,322
pullupvid_mp4-7_jpg.rf.2909c94324ad70d6156c7b4943baee02.jpg,640,640,horizontal-bar,51,100,589,133
pullupvid_mp4-7_jpg.rf.2909c94324ad70d6156c7b4943baee02.jpg,640,640,head,232,57,390,157
pullupvid2_mp4-14_jpg.rf.2a4a1c88a160d9514ddb5a2c36fe0c22.jpg,640,640,head,286,232,370,280
pullupvid2_mp4-14_jpg.rf.2a4a1c88a160d9514ddb5a2c36fe0c22.jpg,640,640,horizontal-bar,120,202,514,233
pullupvid2_mp4-6_jpg.rf.386a5669095ab5f56076a117e552a52c.jpg,640,640,horizontal-bar,128,206,519,228
pullupvid2_mp4-6_jpg.rf.386a5669095ab5f56076a117e552a52c.jpg,640,640,head,275,64,367,121
VID_20210512_171506_mp4-3_jpg.rf.39412f071a2c67d90e1e629df03e3417.jpg,640,640,horizontal-bar,6,232,577,243
VID_20210512_171506_mp4-3_jpg.rf.39412f071a2c67d90e1e629df03e3417.jpg,640,640,head,274,194,351,262
VID_20210512_171506_mp4-5_jpg.rf.4b21be8a53a6c63fd54840c7d4f283b2.jpg,640,640,horizontal-bar,5,231,577,245
VID_20210512_171506_mp4-5_jpg.rf.4b21be8a53a6c63fd54840c7d4f283b2.jpg,640,640,head,264,205,360,273
VID_20210512_171506_mp4-49_jpg.rf.34346fbf35ee5ddc0ac0841f852579c3.jpg,640,640,horizontal-bar,18,225,592,239
VID_20210512_171506_mp4-49_jpg.rf.34346fbf35ee5ddc0ac0841f852579c3.jpg,640,640,head,265,263,365,326
pullupvid2_mp4-0_jpg.rf.420c235fd1268cf957558d821cfbd0c8.jpg,640,640,horizontal-bar,121,198,530,235
pullupvid2_mp4-0_jpg.rf.420c235fd1268cf957558d821cfbd0c8.jpg,640,640,head,286,263,367,306
VID_20210512_171506_mp4-81_jpg.rf.21fa54d93b7cab50038602f1a5bfdfa0.jpg,640,640,horizontal-bar,33,199,627,218
VID_20210512_171506_mp4-79_jpg.rf.3d47928c4a9989583f88a61b9d2c2920.jpg,640,640,horizontal-bar,31,196,623,218
VID_20210512_171506_mp4-79_jpg.rf.3d47928c4a9989583f88a61b9d2c2920.jpg,640,640,head,281,248,379,310
pullupvid_mp4-10_jpg.rf.2c4a21f659fee62fd7029cf0a1d5e207.jpg,640,640,horizontal-bar,45,101,587,133
pullupvid_mp4-10_jpg.rf.2c4a21f659fee62fd7029cf0a1d5e207.jpg,640,640,head,251,215,403,297
pullupvid_mp4-54_jpg.rf.2be88362b6337fc67f259d75e1cd0cb2.jpg,640,640,horizontal-bar,49,97,589,129
pullupvid_mp4-54_jpg.rf.2be88362b6337fc67f259d75e1cd0cb2.jpg,640,640,head,227,150,395,250
pullupvid2_mp4-7_jpg.rf.42666f39666bd28b5e3138960738e692.jpg,640,640,head,271,71,376,135
pullupvid2_mp4-7_jpg.rf.42666f39666bd28b5e3138960738e692.jpg,640,640,horizontal-bar,113,202,516,233
VID_20210512_171506_mp4-10_jpg.rf.3835ea471624327a88ae4cdeb9474cac.jpg,640,640,horizontal-bar,13,236,570,247
VID_20210512_171506_mp4-10_jpg.rf.3835ea471624327a88ae4cdeb9474cac.jpg,640,640,head,258,290,347,351
VID_20210512_171506_mp4-21_jpg.rf.4d0494f2a0cca4f3b7c7a2931a68da9c.jpg,640,640,horizontal-bar,15,235,570,249
VID_20210512_171506_mp4-21_jpg.rf.4d0494f2a0cca4f3b7c7a2931a68da9c.jpg,640,640,head,252,205,353,278
VID_20210512_171506_mp4-80_jpg.rf.3e4359a1c4548e34120b5e79b2b8985e.jpg,640,640,horizontal-bar,42,196,625,218
VID_20210512_171506_mp4-80_jpg.rf.3e4359a1c4548e34120b5e79b2b8985e.jpg,640,640,head,290,237,379,305
VID_20210512_171506_mp4-90_jpg.rf.3470ce93840a314f59f7fb218accb142.jpg,640,640,horizontal-bar,47,197,639,215
VID_20210512_171506_mp4-90_jpg.rf.3470ce93840a314f59f7fb218accb142.jpg,640,640,head,308,213,398,270
pullupvid_mp4-36_jpg.rf.41d66a2ccf90fdfe6f3765f6e54c25da.jpg,640,640,head,219,202,402,292
pullupvid_mp4-36_jpg.rf.41d66a2ccf90fdfe6f3765f6e54c25da.jpg,640,640,horizontal-bar,46,87,597,142
pullupvid2_mp4-10_jpg.rf.4f66939a67a16ce9dcd8a1b8c28fdca8.jpg,640,640,horizontal-bar,113,203,514,224
pullupvid2_mp4-10_jpg.rf.4f66939a67a16ce9dcd8a1b8c28fdca8.jpg,640,640,head,284,252,369,298
VID_20210512_171506_mp4-51_jpg.rf.519c99d04461c4da61addb383241137c.jpg,640,640,horizontal-bar,15,225,592,240
VID_20210512_171506_mp4-51_jpg.rf.519c99d04461c4da61addb383241137c.jpg,640,640,head,260,279,352,343
VID_20210512_171506_mp4-86_jpg.rf.611fa396b8ec0f1a4c4eb3682f941178.jpg,640,640,horizontal-bar,29,198,633,213
VID_20210512_171506_mp4-86_jpg.rf.611fa396b8ec0f1a4c4eb3682f941178.jpg,640,640,head,304,167,385,234
pullupvid_mp4-43_jpg.rf.6bb5168394914460783809dcb445e26a.jpg,640,640,horizontal-bar,32,92,594,144
pullupvid_mp4-43_jpg.rf.6bb5168394914460783809dcb445e26a.jpg,640,640,head,238,217,400,303
VID_20210512_171506_mp4-78_jpg.rf.605017b6de5f2deafa7ea4878eb1679a.jpg,640,640,horizontal-bar,33,198,630,218
VID_20210512_171506_mp4-78_jpg.rf.605017b6de5f2deafa7ea4878eb1679a.jpg,640,640,head,271,252,367,317
pullupvid2_mp4-4_jpg.rf.58533c08c6cd74dbbd44d72f160cdfcc.jpg,640,640,horizontal-bar,113,202,521,231
pullupvid2_mp4-4_jpg.rf.58533c08c6cd74dbbd44d72f160cdfcc.jpg,640,640,head,286,248,372,299
VID_20210512_171506_mp4-26_jpg.rf.51733430497d11059d1fb211cd86f3fc.jpg,640,640,horizontal-bar,1,233,578,247
VID_20210512_171506_mp4-26_jpg.rf.51733430497d11059d1fb211cd86f3fc.jpg,640,640,head,254,229,339,291
pullupvid_mp4-39_jpg.rf.64887e0f13af7dee3c43416caad2062d.jpg,640,640,horizontal-bar,47,86,592,137
pullupvid_mp4-39_jpg.rf.64887e0f13af7dee3c43416caad2062d.jpg,640,640,head,229,163,392,268
pullupvid_mp4-45_jpg.rf.65503395ec96a4c45cdb7fbd11d78c2a.jpg,640,640,head,244,32,400,128
pullupvid_mp4-45_jpg.rf.65503395ec96a4c45cdb7fbd11d78c2a.jpg,640,640,horizontal-bar,40,98,600,134
VID_20210512_171506_mp4-55_jpg.rf.51481c2214681c50e54bcf8270d93566.jpg,640,640,horizontal-bar,9,223,582,239
pullupvid_mp4-0_jpg.rf.542c6c1a8393e476750f0b278bd5ae5b.jpg,640,640,horizontal-bar,47,91,610,133
pullupvid_mp4-0_jpg.rf.542c6c1a8393e476750f0b278bd5ae5b.jpg,640,640,head,233,221,405,307
pullupvid_mp4-8_jpg.rf.621634e7501161fa70678fc1cdb97b87.jpg,640,640,horizontal-bar,44,101,589,132
pullupvid_mp4-8_jpg.rf.621634e7501161fa70678fc1cdb97b87.jpg,640,640,head,248,196,395,291
pullupvid_mp4-24_jpg.rf.61e22384ac3066eb75f2951e555626ed.jpg,640,640,head,244,211,410,297
pullupvid_mp4-24_jpg.rf.61e22384ac3066eb75f2951e555626ed.jpg,640,640,horizontal-bar,49,95,597,137
VID_20210512_171506_mp4-76_jpg.rf.630611e8d0075cdc89935f093e843a86.jpg,640,640,horizontal-bar,26,198,615,220
VID_20210512_171506_mp4-76_jpg.rf.630611e8d0075cdc89935f093e843a86.jpg,640,640,head,270,255,363,316
pullupvid2_mp4-13_jpg.rf.69a297b9be3420483b202a8904cf8849.jpg,640,640,horizontal-bar,112,199,530,229
pullupvid2_mp4-13_jpg.rf.69a297b9be3420483b202a8904cf8849.jpg,640,640,head,270,62,367,126
VID_20210512_171506_mp4-53_jpg.rf.56e378776d1c5f1b49e78b7618ba6998.jpg,640,640,horizontal-bar,6,221,583,239
VID_20210512_171506_mp4-9_jpg.rf.75104f751b1720709d2c4ff6b6ecae2b.jpg,640,640,horizontal-bar,6,234,580,248
VID_20210512_171506_mp4-64_jpg.rf.6f35e7e67341cbafb5355e26224ce36f.jpg,640,640,horizontal-bar,16,217,590,231
VID_20210512_171506_mp4-64_jpg.rf.6f35e7e67341cbafb5355e26224ce36f.jpg,640,640,head,280,188,358,251
pullupvid_mp4-53_jpg.rf.5207a4be61bd4522453d1f953d38f26e.jpg,640,640,head,234,17,411,106
pullupvid_mp4-53_jpg.rf.5207a4be61bd4522453d1f953d38f26e.jpg,640,640,horizontal-bar,53,95,599,138
pullupvid2_mp4-12_jpg.rf.612a7e42450ce7df9ba061f650bbcfa1.jpg,640,640,head,268,46,372,107
pullupvid2_mp4-12_jpg.rf.612a7e42450ce7df9ba061f650bbcfa1.jpg,640,640,horizontal-bar,119,202,521,227
VID_20210512_171506_mp4-0_jpg.rf.55d61e1a63349fe38a7ca67b348f6a9a.jpg,640,640,horizontal-bar,8,233,582,242
VID_20210512_171506_mp4-0_jpg.rf.55d61e1a63349fe38a7ca67b348f6a9a.jpg,640,640,head,271,200,353,258
pullupvid_mp4-44_jpg.rf.6dede5674498a249818dfbc881e1f724.jpg,640,640,head,242,221,397,318
pullupvid_mp4-44_jpg.rf.6dede5674498a249818dfbc881e1f724.jpg,640,640,horizontal-bar,47,92,600,142
pullupvid_mp4-18_jpg.rf.7232567bfb5846c2b8fe0bb8d902f6e0.jpg,640,640,horizontal-bar,57,94,589,133
pullupvid_mp4-18_jpg.rf.7232567bfb5846c2b8fe0bb8d902f6e0.jpg,640,640,head,223,26,389,135
VID_20210512_171506_mp4-9_jpg.rf.6c27d7bb5a73eb531f48c908a9179485.jpg,640,640,horizontal-bar,6,234,580,248
VID_20210512_171506_mp4-9_jpg.rf.6c27d7bb5a73eb531f48c908a9179485.jpg,640,640,head,264,277,347,343
VID_20210512_171506_mp4-10_jpg.rf.77e28778f2aba60e4ba3ac8147077603.jpg,640,640,horizontal-bar,13,236,570,247
VID_20210512_171506_mp4-10_jpg.rf.77e28778f2aba60e4ba3ac8147077603.jpg,640,640,head,263,286,355,357
pullupvid2_mp4-16_jpg.rf.726633cf47a7bcecd228091484329112.jpg,640,640,head,284,256,365,299
pullupvid2_mp4-16_jpg.rf.726633cf47a7bcecd228091484329112.jpg,640,640,horizontal-bar,124,202,523,226
VID_20210512_171506_mp4-34_jpg.rf.7d39f325c337d23cf1850089edb83c71.jpg,640,640,horizontal-bar,2,231,578,245
VID_20210512_171506_mp4-34_jpg.rf.7d39f325c337d23cf1850089edb83c71.jpg,640,640,head,234,294,329,360
pullupvid_mp4-51_jpg.rf.8d7e8800d6e081a70e5c55556e9397d8.jpg,640,640,head,251,227,398,304
pullupvid_mp4-51_jpg.rf.8d7e8800d6e081a70e5c55556e9397d8.jpg,640,640,horizontal-bar,47,92,592,139
VID_20210512_171506_mp4-48_jpg.rf.8d73e652268bca4ba3f6985e1c3c4056.jpg,640,640,horizontal-bar,14,225,597,240
VID_20210512_171506_mp4-48_jpg.rf.8d73e652268bca4ba3f6985e1c3c4056.jpg,640,640,head,270,255,368,324
VID_20210512_171506_mp4-46_jpg.rf.7a2f17d2dbb6688743bc2fdf5a9f5d78.jpg,640,640,horizontal-bar,24,226,601,242
VID_20210512_171506_mp4-46_jpg.rf.7a2f17d2dbb6688743bc2fdf5a9f5d78.jpg,640,640,head,266,205,370,282
pullupvid_mp4-1_jpg.rf.594e99c542401bff4b9bcfbc87a5d684.jpg,640,640,horizontal-bar,47,91,589,137
pullupvid_mp4-1_jpg.rf.594e99c542401bff4b9bcfbc87a5d684.jpg,640,640,head,238,209,392,294
VID_20210512_171506_mp4-73_jpg.rf.90962f9f447ab298df68049f34de5a7c.jpg,640,640,horizontal-bar,28,205,617,222
VID_20210512_171506_mp4-73_jpg.rf.90962f9f447ab298df68049f34de5a7c.jpg,640,640,head,279,258,374,326
VID_20210512_171506_mp4-66_jpg.rf.874a2ae45efda989501c23cb84043559.jpg,640,640,horizontal-bar,6,216,603,233
VID_20210512_171506_mp4-66_jpg.rf.874a2ae45efda989501c23cb84043559.jpg,640,640,head,283,177,375,243
VID_20210512_171506_mp4-6_jpg.rf.839aef6368df1bf598e2105e799a89d5.jpg,640,640,horizontal-bar,3,233,586,245
VID_20210512_171506_mp4-6_jpg.rf.839aef6368df1bf598e2105e799a89d5.jpg,640,640,head,261,221,361,285
pullupvid2_mp4-5_jpg.rf.772dd0b25539e77051c9c019eadde9d4.jpg,640,640,head,271,136,365,196
pullupvid2_mp4-5_jpg.rf.772dd0b25539e77051c9c019eadde9d4.jpg,640,640,horizontal-bar,124,201,514,228
VID_20210512_171506_mp4-62_jpg.rf.7e918a89ceb63f1deeedc1033ee51ec0.jpg,640,640,horizontal-bar,2,218,591,232
pullupvid_mp4-38_jpg.rf.7aa66f2a64030fb37b51b4a8c652a34d.jpg,640,640,horizontal-bar,45,91,592,140
pullupvid_mp4-38_jpg.rf.7aa66f2a64030fb37b51b4a8c652a34d.jpg,640,640,head,244,217,405,300
VID_20210512_171506_mp4-72_jpg.rf.8e93fe13ee76a466d0d603b663354ad9.jpg,640,640,horizontal-bar,22,208,613,227
VID_20210512_171506_mp4-72_jpg.rf.8e93fe13ee76a466d0d603b663354ad9.jpg,640,640,head,282,237,375,327
pullupvid2_mp4-23_jpg.rf.94ec487f1d1c8368fbe97ead676aa838.jpg,640,640,head,288,231,361,277
pullupvid2_mp4-23_jpg.rf.94ec487f1d1c8368fbe97ead676aa838.jpg,640,640,horizontal-bar,118,201,514,231
VID_20210512_171506_mp4-70_jpg.rf.7e8526d08a266252b6775b2648d1588a.jpg,640,640,horizontal-bar,26,214,603,231
VID_20210512_171506_mp4-42_jpg.rf.9232c6f66d5ab259c69cabbb46db0108.jpg,640,640,horizontal-bar,16,227,590,242
VID_20210512_171506_mp4-42_jpg.rf.9232c6f66d5ab259c69cabbb46db0108.jpg,640,640,head,282,195,357,275
VID_20210512_171506_mp4-23_jpg.rf.94b9d837f32722e26ea9d9bd7ad99f87.jpg,640,640,horizontal-bar,16,235,576,249
VID_20210512_171506_mp4-23_jpg.rf.94b9d837f32722e26ea9d9bd7ad99f87.jpg,640,640,head,259,195,338,266
pullupvid2_mp4-2_jpg.rf.8b0723724379dfc387c8cca0f126f0e6.jpg,640,640,horizontal-bar,115,201,518,232
pullupvid2_mp4-2_jpg.rf.8b0723724379dfc387c8cca0f126f0e6.jpg,640,640,head,289,262,369,307
pullupvid2_mp4-18_jpg.rf.8b24a7f67f03e7a389acea42ee00f0bd.jpg,640,640,head,275,48,363,115
pullupvid2_mp4-18_jpg.rf.8b24a7f67f03e7a389acea42ee00f0bd.jpg,640,640,horizontal-bar,126,207,514,227
pullupvid2_mp4-25_jpg.rf.9e4871f2b176826e657fca3c6f980faf.jpg,640,640,head,277,59,367,119
pullupvid2_mp4-25_jpg.rf.9e4871f2b176826e657fca3c6f980faf.jpg,640,640,head,121,204,521,226
VID_20210512_171506_mp4-0_jpg.rf.96d9e047f17f49005832e1d0e723f74a.jpg,640,640,horizontal-bar,8,233,582,242
VID_20210512_171506_mp4-0_jpg.rf.96d9e047f17f49005832e1d0e723f74a.jpg,640,640,head,268,205,357,279
VID_20210512_171506_mp4-57_jpg.rf.97a67c121949e77cc9d706c437bb6519.jpg,640,640,horizontal-bar,6,222,583,238
VID_20210512_171506_mp4-57_jpg.rf.97a67c121949e77cc9d706c437bb6519.jpg,640,640,head,254,280,333,334
pullupvid_mp4-52_jpg.rf.9f1d17838302131ebf74434232729b46.jpg,640,640,horizontal-bar,38,81,610,136
pullupvid_mp4-52_jpg.rf.9f1d17838302131ebf74434232729b46.jpg,640,640,head,229,156,392,259
VID_20210512_171506_mp4-16_jpg.rf.9b1e3ff35ccf7031269d2263e50bfe87.jpg,640,640,horizontal-bar,13,235,572,249
VID_20210512_171506_mp4-16_jpg.rf.9b1e3ff35ccf7031269d2263e50bfe87.jpg,640,640,head,243,283,335,344
pullupvid_mp4-16_jpg.rf.8bb321137a75921802f60ef39fff17de.jpg,640,640,horizontal-bar,51,94,594,133
pullupvid_mp4-16_jpg.rf.8bb321137a75921802f60ef39fff17de.jpg,640,640,head,230,9,398,106
pullupvid_mp4-32_jpg.rf.8a936e3c3f5c8ed6b22779dd2171c272.jpg,640,640,head,240,199,413,287
pullupvid_mp4-32_jpg.rf.8a936e3c3f5c8ed6b22779dd2171c272.jpg,640,640,horizontal-bar,49,94,600,132
VID_20210512_171506_mp4-29_jpg.rf.73e544a66565a2e5fe492e647eaf1745.jpg,640,640,horizontal-bar,6,232,572,248
VID_20210512_171506_mp4-29_jpg.rf.73e544a66565a2e5fe492e647eaf1745.jpg,640,640,head,248,280,346,354
pullupvid_mp4-49_jpg.rf.9e1893b3551fe96debf8cac63256e2a0.jpg,640,640,head,230,20,390,101
pullupvid_mp4-49_jpg.rf.9e1893b3551fe96debf8cac63256e2a0.jpg,640,640,horizontal-bar,55,91,600,136
pullupvid_mp4-20_jpg.rf.a343792f380847e8ab560644951d1b81.jpg,640,640,head,232,154,411,246
pullupvid_mp4-20_jpg.rf.a343792f380847e8ab560644951d1b81.jpg,640,640,horizontal-bar,47,91,602,133
pullupvid_mp4-14_jpg.rf.a971cbf2587554f50f22e7d3fff39740.jpg,640,640,horizontal-bar,43,97,595,132
pullupvid_mp4-14_jpg.rf.a971cbf2587554f50f22e7d3fff39740.jpg,640,640,head,219,85,371,198
pullupvid_mp4-48_jpg.rf.a538db1c8a7c9c64c2150c9655455084.jpg,640,640,horizontal-bar,34,97,589,143
pullupvid_mp4-48_jpg.rf.a538db1c8a7c9c64c2150c9655455084.jpg,640,640,head,244,104,389,201
VID_20210512_171506_mp4-75_jpg.rf.b721a5297aedc0b2f84ba4bb46b5c928.jpg,640,640,horizontal-bar,31,205,615,222
VID_20210512_171506_mp4-75_jpg.rf.b721a5297aedc0b2f84ba4bb46b5c928.jpg,640,640,head,270,263,366,327
VID_20210512_171506_mp4-63_jpg.rf.a9fbc2fbac7706e7e6c5832128b1ed11.jpg,640,640,horizontal-bar,6,216,580,232
VID_20210512_171506_mp4-63_jpg.rf.a9fbc2fbac7706e7e6c5832128b1ed11.jpg,640,640,head,274,191,360,254
pullupvid2_mp4-3_jpg.rf.aa444a9a407a9efc0da8d7094b7fdddb.jpg,640,640,head,289,251,374,302
pullupvid2_mp4-3_jpg.rf.aa444a9a407a9efc0da8d7094b7fdddb.jpg,640,640,horizontal-bar,113,201,523,231
VID_20210512_171506_mp4-66_jpg.rf.d16dee5bba4784a96cfcfa24ee004e33.jpg,640,640,horizontal-bar,6,216,603,233
VID_20210512_171506_mp4-66_jpg.rf.d16dee5bba4784a96cfcfa24ee004e33.jpg,640,640,head,275,161,374,244
VID_20210512_171506_mp4-19_jpg.rf.c206b97a0496c598622eb22a9369eee6.jpg,640,640,horizontal-bar,11,235,572,249
VID_20210512_171506_mp4-19_jpg.rf.c206b97a0496c598622eb22a9369eee6.jpg,640,640,head,255,234,346,306
pullupvid2_mp4-20_jpg.rf.c249b7c39de1697444d66f41e96dd8af.jpg,640,640,head,279,162,363,213
pullupvid2_mp4-20_jpg.rf.c249b7c39de1697444d66f41e96dd8af.jpg,640,640,horizontal-bar,115,203,516,230
pullupvid_mp4-46_jpg.rf.b8c5f0cdbe55f510b7e451a1e7918d83.jpg,640,640,horizontal-bar,42,91,589,133
pullupvid_mp4-46_jpg.rf.b8c5f0cdbe55f510b7e451a1e7918d83.jpg,640,640,head,242,192,395,287
VID_20210512_171506_mp4-6_jpg.rf.ccdcbfbd1a32da7963c6c0e0e75dd537.jpg,640,640,horizontal-bar,3,233,586,245
VID_20210512_171506_mp4-6_jpg.rf.ccdcbfbd1a32da7963c6c0e0e75dd537.jpg,640,640,head,272,224,351,284
VID_20210512_171506_mp4-4_jpg.rf.c96d90844d895c551cf5e93b295805e2.jpg,640,640,horizontal-bar,3,231,583,242
VID_20210512_171506_mp4-4_jpg.rf.c96d90844d895c551cf5e93b295805e2.jpg,640,640,head,272,203,346,257
VID_20210512_171506_mp4-13_jpg.rf.ae94b39a0b3ccb19051381a9ade19c53.jpg,640,640,horizontal-bar,4,236,576,250
VID_20210512_171506_mp4-13_jpg.rf.ae94b39a0b3ccb19051381a9ade19c53.jpg,640,640,head,237,306,328,376
pullupvid_mp4-12_jpg.rf.d1277bc31cb54eb89ee01d7817d5c63a.jpg,640,640,horizontal-bar,38,102,592,131
pullupvid_mp4-12_jpg.rf.d1277bc31cb54eb89ee01d7817d5c63a.jpg,640,640,head,234,169,390,268
pullupvid_mp4-47_jpg.rf.b7f62d3da0cff7df50f4b805fa68f913.jpg,640,640,horizontal-bar,34,95,589,142
pullupvid_mp4-47_jpg.rf.b7f62d3da0cff7df50f4b805fa68f913.jpg,640,640,head,244,218,382,305
pullupvid_mp4-35_jpg.rf.dec9d1af0c31ae04f4dd8a0a9eee55bd.jpg,640,640,horizontal-bar,43,91,600,136
pullupvid_mp4-35_jpg.rf.dec9d1af0c31ae04f4dd8a0a9eee55bd.jpg,640,640,head,242,211,410,293
VID_20210512_171506_mp4-32_jpg.rf.d96777d19bdc9474449cea58ff5e3494.jpg,640,640,horizontal-bar,7,231,571,245
VID_20210512_171506_mp4-32_jpg.rf.d96777d19bdc9474449cea58ff5e3494.jpg,640,640,head,233,300,339,365
pullupvid_mp4-9_jpg.rf.e180e3a8669c360c24334af17ead6b7f.jpg,640,640,horizontal-bar,28,102,589,132
pullupvid_mp4-9_jpg.rf.e180e3a8669c360c24334af17ead6b7f.jpg,640,640,head,234,11,382,107
pullupvid2_mp4-19_jpg.rf.d27a70ce66f86b9c5eafe0825ff960c6.jpg,640,640,horizontal-bar,122,204,514,230
pullupvid2_mp4-19_jpg.rf.d27a70ce66f86b9c5eafe0825ff960c6.jpg,640,640,head,266,53,369,119
VID_20210512_171506_mp4-55_jpg.rf.e2e0bb954a8f1ce9b8badd867d34e6f2.jpg,640,640,horizontal-bar,9,223,582,239
VID_20210512_171506_mp4-55_jpg.rf.e2e0bb954a8f1ce9b8badd867d34e6f2.jpg,640,640,head,238,287,325,355
VID_20210512_171506_mp4-31_jpg.rf.ca089676ffc501451507c5fac57cdccc.jpg,640,640,horizontal-bar,6,230,574,245
VID_20210512_171506_mp4-31_jpg.rf.ca089676ffc501451507c5fac57cdccc.jpg,640,640,head,234,294,349,368
pullupvid_mp4-50_jpg.rf.e61e46e4a0279da7cc82413d2c275ca6.jpg,640,640,horizontal-bar,57,95,589,138
pullupvid_mp4-50_jpg.rf.e61e46e4a0279da7cc82413d2c275ca6.jpg,640,640,horizontal-bar,242,220,381,307
VID_20210512_171506_mp4-59_jpg.rf.efa693eae6a6244a84d0fd5d3d3b2356.jpg,640,640,horizontal-bar,8,218,583,237
VID_20210512_171506_mp4-59_jpg.rf.efa693eae6a6244a84d0fd5d3d3b2356.jpg,640,640,head,258,244,347,314
pullupvid_mp4-3_jpg.rf.d212690ae1d2061590112e3afbebf280.jpg,640,640,horizontal-bar,47,97,594,139
pullupvid_mp4-3_jpg.rf.d212690ae1d2061590112e3afbebf280.jpg,640,640,head,230,79,374,176
pullupvid_mp4-27_jpg.rf.f5dead861659880559689fa5c2d25253.jpg,640,640,head,249,212,390,298
pullupvid_mp4-27_jpg.rf.f5dead861659880559689fa5c2d25253.jpg,640,640,horizontal-bar,47,85,592,137
pullupvid2_mp4-22_jpg.rf.cae8427fccfd2ad74b4469f19215b147.jpg,640,640,horizontal-bar,129,203,518,227
pullupvid2_mp4-22_jpg.rf.cae8427fccfd2ad74b4469f19215b147.jpg,640,640,head,285,244,365,288
pullupvid_mp4-4_jpg.rf.e3ef3d253e457dca73599e3b4769a681.jpg,640,640,horizontal-bar,49,92,589,132
pullupvid_mp4-4_jpg.rf.e3ef3d253e457dca73599e3b4769a681.jpg,640,640,head,234,156,384,251
VID_20210512_171506_mp4-50_jpg.rf.f5e79ca9055c3c0f5168d06f4c6a355a.jpg,640,640,horizontal-bar,16,224,592,241
VID_20210512_171506_mp4-50_jpg.rf.f5e79ca9055c3c0f5168d06f4c6a355a.jpg,640,640,head,276,268,361,329
pullupvid_mp4-42_jpg.rf.ef1fb7a7061aa7c4a9c0b00d4ada9115.jpg,640,640,head,257,218,397,299
pullupvid_mp4-42_jpg.rf.ef1fb7a7061aa7c4a9c0b00d4ada9115.jpg,640,640,horizontal-bar,42,89,597,139
pullupvid_mp4-31_jpg.rf.f97f9b24396fc1ec9ac29440554050a8.jpg,640,640,horizontal-bar,49,95,608,131
pullupvid_mp4-31_jpg.rf.f97f9b24396fc1ec9ac29440554050a8.jpg,640,640,head,228,34,403,132
pullupvid2_mp4-1_jpg.rf.f068fc51cb2cfcc746b23d5a7673a4f0.jpg,640,640,head,287,253,374,301
pullupvid2_mp4-1_jpg.rf.f068fc51cb2cfcc746b23d5a7673a4f0.jpg,640,640,horizontal-bar,124,194,514,234
pullupvid_mp4-17_jpg.rf.f0a88f7a77179453528e4bff16b64423.jpg,640,640,horizontal-bar,47,97,589,136
pullupvid_mp4-17_jpg.rf.f0a88f7a77179453528e4bff16b64423.jpg,640,640,head,242,209,389,293
pullupvid_mp4-11_jpg.rf.f81d948b9cb888432103d821094a41c1.jpg,640,640,horizontal-bar,44,94,597,131
pullupvid_mp4-11_jpg.rf.f81d948b9cb888432103d821094a41c1.jpg,640,640,head,234,20,390,129
pullupvid_mp4-25_jpg.rf.e7660aba0da9668c5bc5d1c5b2b3f3bc.jpg,640,640,head,240,206,410,298
pullupvid_mp4-25_jpg.rf.e7660aba0da9668c5bc5d1c5b2b3f3bc.jpg,640,640,horizontal-bar,40,91,584,137
VID_20210512_171506_mp4-41_jpg.rf.fc88586667d0598887bc757cbd29dcdc.jpg,640,640,horizontal-bar,20,229,586,243
VID_20210512_171506_mp4-41_jpg.rf.fc88586667d0598887bc757cbd29dcdc.jpg,640,640,head,271,205,357,275
VID_20210512_171506_mp4-33_jpg.rf.ef765eacf143b329a0f36a71827fbe43.jpg,640,640,horizontal-bar,9,232,580,246
VID_20210512_171506_mp4-33_jpg.rf.ef765eacf143b329a0f36a71827fbe43.jpg,640,640,head,235,291,316,368
pullupvid_mp4-30_jpg.rf.f979ed55d2ec43fab0d5d45305f0c44f.jpg,640,640,horizontal-bar,38,77,605,143
pullupvid_mp4-30_jpg.rf.f979ed55d2ec43fab0d5d45305f0c44f.jpg,640,640,head,236,217,400,311
pullupvid_mp4-22_jpg.rf.f3c9fc1ad79e34774aeb382b2535955f.jpg,640,640,horizontal-bar,42,92,589,133
pullupvid_mp4-22_jpg.rf.f3c9fc1ad79e34774aeb382b2535955f.jpg,640,640,head,246,205,408,292
VID_20210512_171506_mp4-77_jpg.rf.b4a7b162b07b85df4d79dc8131fd0d2f.jpg,640,640,horizontal-bar,31,199,622,221
pullupvid2_mp4-11_jpg.rf.f549360848885f962dfd3737d4d0f718.jpg,640,640,head,278,152,376,209
pullupvid2_mp4-11_jpg.rf.f549360848885f962dfd3737d4d0f718.jpg,640,640,horizontal-bar,124,201,527,231